Element,Flow_Name,Load_Name,X,Y,angle
Main Pit,T_Direct_Precip_Main_Pit,T_Direct_Precip_Main_Pit_CT,2800,1430,0
Main Pit,T_Pit_Wall_Runoff_Main,T_Pit_Wall_Runoff_Main_CT,3000,1400,0
Main Pit,T_Local_Runoff_Main_Pit,T_Local_Runoff_Main_Pit_CT,3000,1300,0
Main Pit,T_EBFR_US_to_Main_Pit,T_EBFR_US_to_Main_Pit_CT,3250,960,0
Main Pit,T_Main_WRD_Pond_to_Main_Pit,T_Main_WRD_Pond_to_Main_Pit_CT,,,
Main Pit,T_Material_Moisture_Content,T_Material_Moisture_Content_CT,2400,1360,0
Main Pit,T_GW_Inflows_to_Main_Pit,T_GW_Inflows_to_Main_Pit_CT,,,
Main Pit,T_RegionalGroundwaterInflow_MP,T_RegionalGroundwaterInflow_MP_CT,,,
Main Pit,T_Gdw_Inflow_Main_Pit,T_Gdw_Inflow_Main_Pit_CT,3000,1120,0
Main Pit,T_Main_Pit_Pond_Evap,T_Main_Pit_Pond_Evap_CT,2685,1430,0
Main Pit,T_Dewater_MainPit_via_PWTP,T_Dewater_MainPit_via_PWTP_CT,2050,1400,0
Main Pit,T_Dewater_MainPit_via_GWTP,T_Dewater_MainPit_via_GWTP_CT,2050,1160,0
Main Pit,T_Gdw_Outflow_Main_Pit,T_Gdw_Outflow_Main_Pit_CT,2500,1220,0
Main Pit,T_Overflow_Main_Pit,T_Overflow_Main_Pit_CT,2000,1250,0
Intermediate Pit,T_Direct_Precip_Inter_Pit,T_Direct_Precip_Inter_Pit_CT,860,1400,0
Intermediate Pit,T_Pit_Wall_Runoff_Inter_Pit,T_Pit_Wall_Runoff_Inter_Pit_CT,1050,1380,0
Intermediate Pit,T_Local_Runoff_Inter_Pit,T_Local_Runoff_Inter_Pit_CT,1050,1260,0
Intermediate Pit,T_Overflow_Main_Pit,T_Overflow_Main_Pit_CT,,,
Intermediate Pit,T_Water_Diverted_from_EBFR,T_Water_Diverted_from_EBFR_CT,1010,900,90
Intermediate Pit,T_FreshwaterFrom_InterWRD_Pond,T_FreshwaterFrom_InterWRD_Pond_CT,1530,900,90
Intermediate Pit,T_PWTP_to_top_up_IntermPit,T_PWTP_to_top_up_IntermPit_CT,1700,1670,0
Intermediate Pit,T_Gdw_Inflows_Inter_Pit,T_Gdw_Inflows_Inter_Pit_CT,1050,1150,0
Intermediate Pit,T_Gdw_Outflow_InterPit,T_Gdw_Outflow_InterPit_CT,650,1125,0
Intermediate Pit,T_Pond_Evap_Inter_Pit,T_Pond_Evap_Inter_Pit_CT,730,1400,0
Intermediate Pit,T_Clean_water_to_GWTP,T_Clean_water_to_GWTP_CT,1185,1750,90
Intermediate Pit,T_DilutionH2O_for_GWTP_Outflow,T_DilutionH2O_for_GWTP_Outflow_CT,400,1325,0
Intermediate Pit,T_Water_Needs_from_Inter_Pit,T_Water_Needs_from_Inter_Pit_CT,700,1800,90
Intermediate Pit,T_Inter_Pit_Overflow,T_Inter_Pit_Overflow_CT,875,900,90
Main WRD,T_Direct_Precip_Main_WRD_Pond,T_Direct_Precip_Main_WRD_Pond_CT,2730,325,0
Main WRD,T_TreatedWater_to_MainWRD_pond,T_TreatedWater_to_MainWRD_pond_CT,1600,1850,0
Main WRD,T_Q_to_MainWRD_Pond_ExposedWR,T_Q_to_MainWRD_Pond_ExposedWR_CT,2950,270,0
Main WRD,T_Q_to_MainWRD_Pond_Background,T_Q_to_MainWRD_Pond_Background_CT,2950,140,0
Main WRD,T_Main_WRD_Pond_to_Evap,T_Main_WRD_Pond_to_Evap_CT,2610,325,0
Main WRD,T_Main_WRD_Pond_to_GWTP,T_Main_WRD_Pond_to_GWTP_CT,2200,400,0
Main WRD,T_Main_WRD_Pond_to_Main_Pit,T_Main_WRD_Pond_to_Main_Pit_CT,,,
Main WRD,T_MainWRD_Pond_ConstructionH2O,T_MainWRD_Pond_ConstructionH2O_CT,3500,25,0
Main WRD,T_Main_WRD_Pond_Overflow,T_Main_WRD_Pond_Overflow_CT,2300,150,0
Intermediate WRD,T_Direct_Precip_InterWRD_Pond,T_Direct_Precip_InterWRD_Pond_CT,1480,325,0
Intermediate WRD,T_Runoff_IntermWRD_Pond,T_Runoff_IntermWRD_Pond_CT,1650,200,0
Intermediate WRD,T_InterWRD_Pond_Evap,T_InterWRD_Pond_Evap_CT,1360,325,0
Intermediate WRD,T_InterWRD_Pond_to_InterPit,T_InterWRD_Pond_to_InterPit_CT,,,
Intermediate WRD,T_InterWRD_Pond_Overflow,T_InterWRD_Pond_Overflow_CT,1850,240,0
Groundwater Treatment Plant,T_Dewater_MainPit_via_GWTP,T_Dewater_MainPit_via_GWTP_CT,,,
Groundwater Treatment Plant,T_Main_WRD_Pond_to_GWTP,T_Main_WRD_Pond_to_GWTP_CT,,,
Groundwater Treatment Plant,T_Actual_SIS_Withdrawal_Rate,T_Actual_SIS_Withdrawal_Rate_CT,1800,2400,0
Groundwater Treatment Plant,T_GWTP_to_Water_Needs,T_GWTP_to_Water_Needs_CT,1000,2080,0
Groundwater Treatment Plant,T_GWTP_Effluent_EBFR,T_GWTP_Effluent_EBFR_CT,500,2030,0
Groundwater Treatment Plant,T_TreatedWater_to_MainWRD_pond,T_TreatedWater_to_MainWRD_pond_CT,,,
Groundwater Treatment Plant,T_Load_Removed_by_GWTP,T_Load_Removed_by_GWTP,1100,1975,0
Potable Water Treatment Plant,T_Dewater_MainPit_via_PWTP,T_Dewater_MainPit_via_PWTP_CT,,,
Potable Water Treatment Plant,T_PWTP_to_Water_Needs,T_PWTP_to_Water_Needs_CT,1700,2270,0
Potable Water Treatment Plant,T_PWTP_to_top_up_IntermPit,T_PWTP_to_top_up_IntermPit_CT,,,
Potable Water Treatment Plant,T_PWTP_Effluent_to_EBFR,T_PWTP_Effluent_to_EBFR_CT,1700,780,0
Potable Water Treatment Plant,T_Load_Removed_by_PWTP,T_Load_Removed_by_PWTP,2100,1570,0
EBFR US,T_Gdw_to_EBFR_Channel_US,T_Gdw_to_EBFR_Channel_US_CT,3700,750,0
EBFR US,T_Runoff_EBFR_US,T_Runoff_EBFR_US_CT,3700,870,0
EBFR US,T_InterflowQ_from_CoveredDyWRD,T_InterflowQ_from_CoveredDyWRD_CT,3700,570,0
EBFR US,T_Q_Shedby_DysonsWRD_SoilCover,T_Q_Shedby_DysonsWRD_SoilCover_CT,3700,500,0
EBFR US,T_Interflow_Q_fromCovered_DBFP,T_Interflow_Q_fromCovered_DBFP_CT,3900,370,0
EBFR US,T_Q_Shed_by_DBFPit_SoilCover,T_QShed_by_DBFPit_SoilCover_CT,3900,290,0
EBFR US,T_EBFR_US_to_Main_Pit,T_EBFR_US_to_Main_Pit_CT,,,
EBFR US,T_EBFR_US_to_Diversion,T_EBFR_US_to_Diversion_CT,3190,650,0
Diversion Channel,T_Local_Runoff_Diversion,T_Local_Runoff_Diversion_CT,2320,850,90
Diversion Channel,T_EBFR_US_to_Diversion,T_EBFR_US_to_Diversion_CT,,,
Diversion Channel,T_Main_WRD_Pond_Overflow,T_Main_WRD_Pond_Overflow_CT,,,
Diversion Channel,T_Interflow_Q_from_CoveredMWRD,T_Interflow_Q_from_CoveredMWRD_CT,2700,550,0
Diversion Channel,T_Q_Shed_by_MainWRD_SoilCover,T_Q_Shed_by_MainWRD_SoilCover_CT,3150,550,0
Diversion Channel,T_Inter_Pit_Overflow,T_Inter_Pit_Overflow_CT,,,
Diversion Channel,T_InterWRD_Pond_Overflow,T_InterWRD_Pond_Overflow_CT,,,
Diversion Channel,T_InterflowQ_from_Covered_IWRD,T_InterflowQ_from_Covered_IWRD_CT,1800,480,0
Diversion Channel,T_Q_Shed_by_InterWRD_SoilCover,T_Q_Shed_by_InterWRD_SoilCover_CT,1100,480,0
Diversion Channel,T_Gdw_to_Diversion_Channel,T_Gdw_to_Diversion_Channel_CT,2600,775,0
Diversion Channel,T_Browns_Release,T_Browns_Release_CT,870,350,90
Diversion Channel,T_Water_Diverted_from_EBFR,T_Water_Diverted_from_EBFR_CT,,,
Diversion Channel,T_Total_Inflow_Diversion,T_Total_Inflow_Diversion_CT,830,650,0
Diversion Channel,T_Channel_Leakage_to_Main_Pit,T_Channel_Leakage_to_Main_Pit_CT,2980,900,90
Diversion Channel,T_Channel_Leakage_to_Interm_Pit,T_Channel_Leakage_to_Interm_Pit_CT,1135,900,90
EBFR DS,T_Total_Inflow_Diversion,T_Total_Inflow_Diversion_CT,,,
EBFR DS,T_Runoff_GS200_to_GS327,T_Runoff_GS200_to_GS327_CT,450,350,90
EBFR DS,T_DilutionH2O_for_GWTP_Outflow,T_DilutionH2O_for_GWTP_Outflow_CT,,,
EBFR DS,T_GWTP_Effluent_EBFR,T_GWTP_Effluent_EBFR_CT,,,
EBFR DS,T_PWTP_Effluent_to_EBFR,T_PWTP_Effluent_to_EBFR_CT,,,
EBFR DS,T_Gdw_to_EBFR_Channel_DS,T_Gdw_to_EBFR_Channel_DS_CT,670,350,90
EBFR DS,T_Total_Inflow_at_GS327,T_Total_Inflow_at_GS327_CT,30,660,0
Ponds,Main_Pit,Main_Pit_Water_CT,2400,1500,0
Ponds,Intermediate_Pit,Intermediate_Pit_Water_CT,640,1500,0
Ponds,Main_WRD,Main_WRD_Pond_CT,3000,400,0
Ponds,Intermediate_WRD,Intermediate_WRD_Pond_CT,1600,400,0
Diluted GWTP Discharge,T_Diluted_GWTP_Release_to_EBFR,T_Diluted_GWTP_Release_to_EBFR_CT,400,825,0
